{"human_written": {"precision": 0.8888888888888888, "recall": 0.7619047619047619, "f1-score": 0.8205128205128205, "support": 21.0}, "machine_generated": {"precision": 0.7727272727272727, "recall": 0.8947368421052632, "f1-score": 0.8292682926829268, "support": 19.0}, "accuracy": 0.825, "macro avg": {"precision": 0.8308080808080808, "recall": 0.8283208020050126, "f1-score": 0.8248905565978737, "support": 40.0}, "weighted avg": {"precision": 0.8337121212121211, "recall": 0.825, "f1-score": 0.8246716697936209, "support": 40.0}, "_timestamp": 1711559146.5249321, "_runtime": 3.1063451766967773, "_step": 1, "confusion_matrix": {"_type": "table-file", "sha256": "7cdc77fc920a8270d886d4b0835d5f197f9caf74243065a41005a845af1edb35", "size": 229, "artifact_path": "wandb-client-artifact://2wx2nefvygixpjrdoekipz7ujjkf7i94v9dsfmkgki8m4kectfovdb6rflags9asfslww23t7wa0pn0odpps8dmyyf9q1okj0udjsi0qn1kskkg1wgws44x74vumt4eu:latest/confusion_matrix.table.json", "_latest_artifact_path": "wandb-client-artifact://2wx2nefvygixpjrdoekipz7ujjkf7i94v9dsfmkgki8m4kectfovdb6rflags9asfslww23t7wa0pn0odpps8dmyyf9q1okj0udjsi0qn1kskkg1wgws44x74vumt4eu:latest/confusion_matrix.table.json", "path": "media/table/confusion_matrix_1_7cdc77fc920a8270d886.table.json", "ncols": 3, "nrows": 4}}