{"data_features": ["amount_of_tokens", "amount_of_comments", "avg_len_comments", "space_after_comment", "no_space_after_comment", "amount_of_code", "amount_of_newlines", "amount_of_indents", "amount_of_defs", "avg_len_line"], "_timestamp": 1712322376.1387749, "_runtime": 5.304898977279663, "_step": 1, "human_written": {"precision": 0.8470588235294118, "recall": 0.8674698795180723, "f1-score": 0.8571428571428571, "support": 83.0}, "machine_generated": {"precision": 0.8625, "recall": 0.8414634146341463, "f1-score": 0.8518518518518519, "support": 82.0}, "accuracy": 0.8545454545454545, "macro avg": {"precision": 0.8547794117647058, "recall": 0.8544666470761093, "f1-score": 0.8544973544973544, "support": 165.0}, "weighted avg": {"precision": 0.8547326203208558, "recall": 0.8545454545454545, "f1-score": 0.8545133878467212, "support": 165.0}, "_wandb": {"runtime": 4}}