{"data_features": ["amount_of_tokens", "amount_of_comments", "avg_len_comments", "space_after_comment", "no_space_after_comment", "amount_of_code", "amount_of_newlines", "amount_of_indents", "amount_of_defs", "avg_len_line"], "_timestamp": 1712322010.5815797, "_runtime": 2.1613757610321045, "_step": 1, "human_written": {"precision": 0.7708333333333334, "recall": 0.8222222222222222, "f1-score": 0.7956989247311828, "support": 45.0}, "machine_generated": {"precision": 0.7714285714285715, "recall": 0.7105263157894737, "f1-score": 0.7397260273972602, "support": 38.0}, "accuracy": 0.7710843373493976, "macro avg": {"precision": 0.7711309523809524, "recall": 0.7663742690058479, "f1-score": 0.7677124760642215, "support": 83.0}, "weighted avg": {"precision": 0.771105851979346, "recall": 0.7710843373493976, "f1-score": 0.7700727789638447, "support": 83.0}, "_wandb": {"runtime": 1}}