{"data_features": ["amount_of_tokens", "amount_of_comments", "avg_len_comments", "space_after_comment", "no_space_after_comment", "amount_of_code", "amount_of_newlines", "amount_of_indents", "amount_of_defs", "avg_len_line"], "_timestamp": 1712313501.9972055, "_runtime": 3.468789577484131, "_step": 1, "human_written": {"precision": 0.8181818181818182, "recall": 0.8, "f1-score": 0.8089887640449438, "support": 45.0}, "machine_generated": {"precision": 0.7631578947368421, "recall": 0.7837837837837838, "f1-score": 0.7733333333333333, "support": 37.0}, "accuracy": 0.7926829268292683, "macro avg": {"precision": 0.7906698564593302, "recall": 0.7918918918918919, "f1-score": 0.7911610486891385, "support": 82.0}, "weighted avg": {"precision": 0.7933539502859144, "recall": 0.7926829268292683, "f1-score": 0.792900337992144, "support": 82.0}, "_wandb": {"runtime": 3}}