{"data_features": ["amount_of_tokens", "amount_of_comments", "avg_len_comments", "space_after_comment", "no_space_after_comment", "amount_of_code", "amount_of_newlines", "amount_of_indents", "amount_of_defs", "avg_len_line"], "_timestamp": 1712322348.149502, "_runtime": 2.370073080062866, "_step": 1, "human_written": {"precision": 0.851063829787234, "recall": 0.851063829787234, "f1-score": 0.851063829787234, "support": 47.0}, "machine_generated": {"precision": 0.8055555555555556, "recall": 0.8055555555555556, "f1-score": 0.8055555555555556, "support": 36.0}, "accuracy": 0.8313253012048193, "macro avg": {"precision": 0.8283096926713949, "recall": 0.8283096926713949, "f1-score": 0.8283096926713949, "support": 83.0}, "weighted avg": {"precision": 0.8313253012048193, "recall": 0.8313253012048193, "f1-score": 0.8313253012048193, "support": 83.0}, "_wandb": {"runtime": 1}}