{"data_features": ["amount_of_tokens", "amount_of_comments", "avg_len_comments", "space_after_comment", "no_space_after_comment", "amount_of_code", "amount_of_newlines", "amount_of_indents", "amount_of_defs", "avg_len_line"], "_timestamp": 1712322442.8712397, "_runtime": 2.0192017555236816, "_step": 1, "human_written": {"precision": 0.7857142857142857, "recall": 0.8918918918918919, "f1-score": 0.8354430379746836, "support": 37.0}, "machine_generated": {"precision": 0.8518518518518519, "recall": 0.71875, "f1-score": 0.7796610169491526, "support": 32.0}, "accuracy": 0.8115942028985508, "macro avg": {"precision": 0.8187830687830688, "recall": 0.8053209459459459, "f1-score": 0.8075520274619181, "support": 69.0}, "weighted avg": {"precision": 0.8163867801548961, "recall": 0.8115942028985508, "f1-score": 0.8095731151802344, "support": 69.0}, "_wandb": {"runtime": 1}}