{"data_features": ["amount_of_tokens", "amount_of_comments", "avg_len_comments", "space_after_comment", "no_space_after_comment", "amount_of_code", "amount_of_newlines", "amount_of_indents", "amount_of_defs", "avg_len_line"], "_timestamp": 1712322487.821377, "_runtime": 2.2224860191345215, "_step": 1, "human_written": {"precision": 0.8409090909090909, "recall": 0.925, "f1-score": 0.8809523809523809, "support": 40.0}, "machine_generated": {"precision": 0.896551724137931, "recall": 0.7878787878787878, "f1-score": 0.8387096774193549, "support": 33.0}, "accuracy": 0.863013698630137, "macro avg": {"precision": 0.8687304075235109, "recall": 0.856439393939394, "f1-score": 0.859831029185868, "support": 73.0}, "weighted avg": {"precision": 0.8660626100399366, "recall": 0.863013698630137, "f1-score": 0.8618563642867665, "support": 73.0}, "_wandb": {"runtime": 1}}