{"fit_time": [0.0020036697387695312, 0.0020024776458740234, 0.0019960403442382812, 0.002033710479736328, 0.0020399093627929688], "score_time": [0.011394739151000977, 0.008000373840332031, 0.00617218017578125, 0.007107734680175781, 0.006276607513427734], "test_accuracy": [0.8902439024390244, 0.8658536585365854, 0.9390243902439024, 0.8536585365853658, 0.8048780487804879], "test_precision_macro": [0.8923444976076556, 0.884375, 0.9413875598086124, 0.8676561533704391, 0.8334417696811971], "test_recall_macro": [0.8902439024390244, 0.8658536585365854, 0.9390243902439024, 0.8536585365853658, 0.8048780487804879], "test_f1_macro": [0.8900967982129561, 0.8642179738070148, 0.9389426656738644, 0.8522522522522522, 0.8006079027355624], "test_roc_auc": [0.9619274241522904, 0.9643069601427721, 0.9857227840571088, 0.9714455681142178, 0.9524092801903629], "_timestamp": 1712749811.9809296, "_runtime": 3.0179057121276855, "_step": 0, "_wandb": {"runtime": 2}}