{"data_features": ["amount_of_tokens", "amount_of_comments", "avg_len_comments", "space_after_comment", "no_space_after_comment", "amount_of_code", "amount_of_newlines", "amount_of_indents", "amount_of_defs", "avg_len_line"], "_timestamp": 1712322407.8150632, "_runtime": 2.799344301223755, "_step": 1, "human_written": {"precision": 0.8648648648648649, "recall": 0.6808510638297872, "f1-score": 0.7619047619047619, "support": 47.0}, "machine_generated": {"precision": 0.6739130434782609, "recall": 0.8611111111111112, "f1-score": 0.7560975609756098, "support": 36.0}, "accuracy": 0.7590361445783133, "macro avg": {"precision": 0.7693889541715628, "recall": 0.7709810874704492, "f1-score": 0.7590011614401858, "support": 83.0}, "weighted avg": {"precision": 0.7820423881188681, "recall": 0.7590361445783133, "f1-score": 0.7593859759595875, "support": 83.0}, "_wandb": {"runtime": 2}}