{"human_written": {"precision": 0.7083333333333334, "recall": 0.8095238095238095, "f1-score": 0.7555555555555555, "support": 21.0}, "machine_generated": {"precision": 0.75, "recall": 0.631578947368421, "f1-score": 0.6857142857142857, "support": 19.0}, "accuracy": 0.725, "macro avg": {"precision": 0.7291666666666667, "recall": 0.7205513784461153, "f1-score": 0.7206349206349206, "support": 40.0}, "weighted avg": {"precision": 0.728125, "recall": 0.725, "f1-score": 0.7223809523809523, "support": 40.0}, "_timestamp": 1710941015.865768, "_runtime": 7.252686023712158, "_step": 0, "_wandb": {"runtime": 1}}