{"data_features": ["amount_of_tokens", "amount_of_comments", "avg_len_comments", "space_after_comment", "no_space_after_comment", "amount_of_code", "amount_of_newlines", "amount_of_indents", "amount_of_defs", "avg_len_line"], "_timestamp": 1712322508.0963352, "_runtime": 2.865309238433838, "_step": 1, "human_written": {"precision": 0.7727272727272727, "recall": 0.9444444444444444, "f1-score": 0.85, "support": 36.0}, "machine_generated": {"precision": 0.9166666666666666, "recall": 0.6875, "f1-score": 0.7857142857142857, "support": 32.0}, "accuracy": 0.8235294117647058, "macro avg": {"precision": 0.8446969696969697, "recall": 0.8159722222222222, "f1-score": 0.8178571428571428, "support": 68.0}, "weighted avg": {"precision": 0.8404634581105169, "recall": 0.8235294117647058, "f1-score": 0.8197478991596638, "support": 68.0}, "_wandb": {"runtime": 2}}