{"data_features": ["amount_of_tokens", "amount_of_comments", "avg_len_comments", "space_after_comment", "no_space_after_comment", "amount_of_code", "amount_of_newlines", "amount_of_indents", "amount_of_defs", "avg_len_line"], "_timestamp": 1712322049.6105628, "_runtime": 2.1491918563842773, "_step": 1, "human_written": {"precision": 0.8269230769230769, "recall": 0.9148936170212766, "f1-score": 0.8686868686868687, "support": 47.0}, "machine_generated": {"precision": 0.8709677419354839, "recall": 0.75, "f1-score": 0.8059701492537313, "support": 36.0}, "accuracy": 0.8433734939759037, "macro avg": {"precision": 0.8489454094292803, "recall": 0.8324468085106382, "f1-score": 0.8373285089703, "support": 83.0}, "weighted avg": {"precision": 0.8460267870489402, "recall": 0.8433734939759037, "f1-score": 0.8414844361616525, "support": 83.0}, "_wandb": {"runtime": 1}}