{"human_written": {"precision": 0.6923076923076923, "recall": 0.8571428571428571, "f1-score": 0.7659574468085106, "support": 21.0}, "machine_generated": {"precision": 0.7857142857142857, "recall": 0.5789473684210527, "f1-score": 0.6666666666666666, "support": 19.0}, "accuracy": 0.725, "macro avg": {"precision": 0.739010989010989, "recall": 0.7180451127819549, "f1-score": 0.7163120567375887, "support": 40.0}, "weighted avg": {"precision": 0.7366758241758242, "recall": 0.725, "f1-score": 0.7187943262411347, "support": 40.0}, "_timestamp": 1710938137.509943, "_runtime": 7.17256498336792, "_step": 0, "_wandb": {"runtime": 1}}