{"data_features": ["amount_of_tokens", "amount_of_comments", "avg_len_comments", "space_after_comment", "no_space_after_comment", "amount_of_code", "amount_of_newlines", "amount_of_indents", "amount_of_defs", "avg_len_line"], "_timestamp": 1712313397.0040374, "_runtime": 4.973572492599487, "_step": 8, "human_written": {"precision": 0.7346938775510204, "recall": 0.8, "f1-score": 0.7659574468085106, "support": 45.0}, "machine_generated": {"precision": 0.7272727272727273, "recall": 0.6486486486486487, "f1-score": 0.6857142857142857, "support": 37.0}, "accuracy": 0.7317073170731707, "macro avg": {"precision": 0.7309833024118739, "recall": 0.7243243243243244, "f1-score": 0.7258358662613982, "support": 82.0}, "weighted avg": {"precision": 0.7313453097425222, "recall": 0.7317073170731707, "f1-score": 0.7297501668025799, "support": 82.0}, "feature_importances": {"_type": "table-file", "sha256": "f7d7e6b12ed9dbb70c632a39637cd6841a669bdc57797b4bf7a023b80a1058ff", "size": 491, "artifact_path": "wandb-client-artifact://ya0xyzq490pw1fsjwdkgkthm96q0pyjavzgc1up9mv616ph5cgodazkdmxkwgosakpe580btb5e0v39qds2qnbcnp0h4qdxt2d9fth2uw44x7b66kj8i7fvmzvka16ot:latest/feature_importances.table.json", "_latest_artifact_path": "wandb-client-artifact://ya0xyzq490pw1fsjwdkgkthm96q0pyjavzgc1up9mv616ph5cgodazkdmxkwgosakpe580btb5e0v39qds2qnbcnp0h4qdxt2d9fth2uw44x7b66kj8i7fvmzvka16ot:latest/feature_importances.table.json", "path": "media/table/feature_importances_2_f7d7e6b12ed9dbb70c63.table.json", "ncols": 2, "nrows": 10}, "confusion_matrix": {"_type": "table-file", "sha256": "422e04ebc717be028dd02cd211d1e33144a5b6bc71f9cb8b732cce9f28d3683b", "size": 230, "artifact_path": "wandb-client-artifact://5gv5f2fcs3ia0vrtf5rqz9p2oilgrp6hjqi5qz9msxo6b2dto41lol8n42fukshkbwyrzg6izsd4czzve0ff179deng4jc9mpj9j1986g1pp80ti2mzsm5i9zxt9m8pc:latest/confusion_matrix.table.json", "_latest_artifact_path": "wandb-client-artifact://5gv5f2fcs3ia0vrtf5rqz9p2oilgrp6hjqi5qz9msxo6b2dto41lol8n42fukshkbwyrzg6izsd4czzve0ff179deng4jc9mpj9j1986g1pp80ti2mzsm5i9zxt9m8pc:latest/confusion_matrix.table.json", "path": "media/table/confusion_matrix_3_422e04ebc717be028dd0.table.json", "ncols": 3, "nrows": 4}, "summary_metrics": {"_type": "table-file", "sha256": "22a923576148cc6ce0f47f72114fc5dc05f0840e39aa0316bda80a00f7046196", "size": 221, "artifact_path": "wandb-client-artifact://0zlsr3vx1d478dpi4vc9bp8yt0eljys7odlszn1bahly73gxn0b4lygifp9uh5mi0kgbd8ccvdc9aixrp9sfzmwek796zpbaos0afgilmufak4nuaze8bexo2mtmm75p:latest/summary_metrics.table.json", "_latest_artifact_path": "wandb-client-artifact://0zlsr3vx1d478dpi4vc9bp8yt0eljys7odlszn1bahly73gxn0b4lygifp9uh5mi0kgbd8ccvdc9aixrp9sfzmwek796zpbaos0afgilmufak4nuaze8bexo2mtmm75p:latest/summary_metrics.table.json", "path": "media/table/summary_metrics_4_22a923576148cc6ce0f4.table.json", "ncols": 3, "nrows": 4}, "class_proportions": {"_type": "table-file", "sha256": "6f0c9f95ee08c92a70f479a9b84fbea9b4432ba5b02dc73c8950c69f31bb8067", "size": 188, "artifact_path": "wandb-client-artifact://17gai7wdrjt4dtlyuc67xo3uk6ycrs7mt19j2bbdv93ghxdroxwbret6dyslwseq238ywnjv1nekniv0cghy4u81a6g4de4al57b3058cvhoi641ytvcp76vecywo00m:latest/class_proportions.table.json", "_latest_artifact_path": "wandb-client-artifact://17gai7wdrjt4dtlyuc67xo3uk6ycrs7mt19j2bbdv93ghxdroxwbret6dyslwseq238ywnjv1nekniv0cghy4u81a6g4de4al57b3058cvhoi641ytvcp76vecywo00m:latest/class_proportions.table.json", "path": "media/table/class_proportions_5_6f0c9f95ee08c92a70f4.table.json", "ncols": 3, "nrows": 4}, "calibration_curve": {"_type": "table-file", "sha256": "438c528f847cfa900cdf22aa429a093fc003dd9e3005c8a1415095f62df27456", "size": 1139, "artifact_path": "wandb-client-artifact://z52zqnre49sdy0g5x6vze9km4zcmt9ha6d61m3dkv4smckgtxlaro61buve5zul0v27du7rwdddj1ibfsncw0c3htb1t8b2lqndsqak29pb8fqz59habe3a699k5gmx0:latest/calibration_curve.table.json", "_latest_artifact_path": "wandb-client-artifact://z52zqnre49sdy0g5x6vze9km4zcmt9ha6d61m3dkv4smckgtxlaro61buve5zul0v27du7rwdddj1ibfsncw0c3htb1t8b2lqndsqak29pb8fqz59habe3a699k5gmx0:latest/calibration_curve.table.json", "path": "media/table/calibration_curve_6_438c528f847cfa900cdf.table.json", "ncols": 5, "nrows": 20}, "roc": {"_type": "table-file", "sha256": "ce930b8cd3b7478246694a353ac81ac5fa1b34b06e5bfd0385bf3daf5602927f", "size": 2463, "artifact_path": "wandb-client-artifact://9plgoci1rcnm1hxdd3y08bwfyypj5nnna0ou0lb6p26l8kbuaq78w8wvpsizht26lbozfwju8tm5h9lojdn8cag0yjxcd9th1caie759ktmoeli7tbt5ps12czs76g1d:latest/roc.table.json", "_latest_artifact_path": "wandb-client-artifact://9plgoci1rcnm1hxdd3y08bwfyypj5nnna0ou0lb6p26l8kbuaq78w8wvpsizht26lbozfwju8tm5h9lojdn8cag0yjxcd9th1caie759ktmoeli7tbt5ps12czs76g1d:latest/roc.table.json", "path": "media/table/roc_7_ce930b8cd3b747824669.table.json", "ncols": 3, "nrows": 71}, "precision_recall": {"_type": "table-file", "sha256": "32377de8db0316f7ae4332679ba7c3637905ef7d6e67c30fd1d7f615330dc570", "size": 1419, "artifact_path": "wandb-client-artifact://p917s1pykli9g8r0i8g0sifhs6k5tt0590846q4ebomqs57wzmj42p8oj6693d4l8s39nh8pdat2wb98sulmyskaucwad7ce35hwfh3dhb5md95lk2p2si6hkwds4l1v:latest/precision_recall.table.json", "_latest_artifact_path": "wandb-client-artifact://p917s1pykli9g8r0i8g0sifhs6k5tt0590846q4ebomqs57wzmj42p8oj6693d4l8s39nh8pdat2wb98sulmyskaucwad7ce35hwfh3dhb5md95lk2p2si6hkwds4l1v:latest/precision_recall.table.json", "path": "media/table/precision_recall_8_32377de8db0316f7ae43.table.json", "ncols": 3, "nrows": 40}, "_wandb": {"runtime": 4}}